CPU_Utilization(%),GPU_Utilization(%),Ambient_Temp(C),Server_Temp(C),Power_Draw(kW),PUE,Total_Power(kW),Carbon_Intensity(gCO2_per_kWh),Carbon_Emissions(g)
39.8,15.8,18.5,41.9,0.4,1.8,0.8,429.4,366.6
96.1,46.5,21.0,40.9,0.8,1.5,1.1,635.2,779.0
67.4,82.9,20.1,48.3,0.9,1.5,1.3,471.2,574.2
57.4,61.3,24.0,35.0,0.8,1.7,1.4,433.3,564.7
24.7,68.7,25.8,46.2,0.6,1.7084807182750446,0.7,628.7,429.9
22.2,57.2,19.2,40.3,0.5,1.2,0.7,618.2,425.1
15.6,65.0,26.6,56.4,0.5,1.6,0.7,310.3,216.9
81.0,81.1,22.2,45.5,0.8,1.7,1.7,320.5,488.0
58.9,23.7,23.2,40.0,0.6,1.4,0.8,290.2,264.1
65.7,45.8,19.3,33.8,0.7,1.2,0.8,636.2,555.1
11.3,18.7,16.5,36.8,0.3,1.3,0.4,479.9,221.0
89.0,83.9,23.1,37.8,1.0,1.1952883462903356,1.4,157.3,212.4
75.4,82.2,25.3,42.9,1.0,1.2,1.1,618.2,661.8
26.4,3.7,20.5,36.2,0.5937334144818742,1.7,0.5,287.6,163.4
24.1,59.1,23.0,48.0,0.6,1.7,0.9,156.8,153.8
26.5,78.7,24.4,39.0,0.7,1.4,0.9,418.9,428.0
37.1,15.3,16.9,46.33774543372353,0.4954632604093974,1.3,0.6,317.0,194.3
57.0,49.3,21.9,46.3,0.7,1.5,1.0,576.1,595.1
49.0,86.5,22.8,40.1,0.8,1.2,1.0,141.4,142.1
32.6,3.3,17.7,41.4,0.4,1.7,0.7,630.7,426.2
59.6,67.0,23.5,31.34736957784783,0.8,1.5,1.0,472.8,446.8
21.2,25.3,16.95690644055373,27.5,0.4,1.4,0.6,157.1,90.2
35.9,86.1,24.2,51.7,0.7,1.5,1.0,568.7,606.3
48.90445284192612,91.7,22.9,34.6,0.7,1.4,1.1,466.4,493.9
45.4,80.7,19.2,35.9,0.7,1.7,1.1,285.7,147.31160548274033
72.5,65.19840547372296,26.3,48.1,0.8,1.3,1.0,318.7,257.1
28.1,75.0,21.0,41.0,0.6,1.7,1.1,623.0,583.9
51.9,78.6,21.1,41.8,0.8,1.700542335809917,1.3,310.6,412.5
62.6,27.5,21.0,39.5,0.6,1.7,1.0,155.0,153.1
14.7,69.6,25.7,37.3,0.6,1.7,0.9,157.1,150.3
57.9,3.5,18.4,41.4,0.5,1.4,0.7,285.4,212.9
26.0,56.5,18.785000838558013,41.4,0.5,1.4,0.8,571.2,470.8
16.1,22.1,24.1,47.6,0.4,1.411925694831233,0.6,281.6,172.9
87.4,11.6,22.8,47.0,0.7,1.7,0.4858575646443619,140.0,166.8
94.9,6.5,21.3,51.6,0.7,1.4966034671725537,0.9,157.7,142.9
84.2,10.693987243757546,22.0,37.83793688362755,0.9,1.3,1.2,309.1,359.2
33.7,28.8,19.1,34.3,0.5,1.4,0.7,563.8,359.9
17.6,61.6,21.1,50.2,0.5,1.4,0.8,319.8,215.6
64.6,5.6,18.2,39.9,0.5,1.4,0.7,568.6,416.0
49.4,29.2,15.2,30.1,0.5,1.2932245904623934,0.8,280.5,277.3
21.6,51.1,21.283466076123542,52.8,0.4,1.3,0.6,155.4,90.1
49.5,67.3,22.9,48.6,0.7,1.2,0.9,631.1,543.9
12.0,26.7,15.0,33.9,0.4,1.5,0.6,284.6,299.68030360446687
81.5,58.2,18.3,32.9,0.42678155554440433,1.6,1.4,421.4,211.0101178355039
31.0,84.8,22.1,44.0,0.7,1.7,1.0,618.9,620.5
62.2,58.9,25.7,49.8,0.8,1.6,1.1,160.4,179.3
34.7,20.1,20.5,52.3,0.5,1.5,0.7,156.2,102.0
52.4,2.0,23.81467295570729,35.3,0.5,1.6,0.8,467.8,377.3
54.3,81.7,22.7,34.5,0.7,1.6,1.1,285.1,363.4
23.9,2.0,24.2,50.9,0.4,1.2,0.4,140.2,65.2
89.6,83.5,19.3,40.3,0.9,1.6,1.4,156.2,226.4
79.3,46.0,21.0,39.5,0.8,1.9,1.2,139.9,182.3
84.9,80.8,21.5,47.1,0.4034231604600018,1.5,0.7964135192890864,628.6,772.5
91.5,75.5,20.6,29.4,0.9,1.3,1.3,154.8,174.9
63.8,85.8,21.4,47.5,0.8,1.3,1.0,282.7,332.6
91.5,33.7,27.5,39.1,0.8,1.3,1.0,427.4,463.5
16.4,66.2,22.0,42.5,0.5,1.4,0.7,289.8,241.0
25.4,34.0,22.4,50.5,0.5,1.7,0.8,157.5,101.0
40.2827863306381,46.0,22.6,38.3,0.4,1.613922533581938,0.6,620.6,300.5
36.4,53.4,19.3,45.468495841280905,0.6,1.7,1.1,476.2880247191598,162.1
44.4,74.8,23.0,42.4,0.7,1.8,1.2,623.2,442.68625954090913
31.6,91.7,23.3,36.7,0.7,1.5,1.0,622.5,586.5
83.4,72.4,22.2,38.3,0.9,1.6,1.5,285.1,445.4
38.3,38.9,31.1,44.9,0.6,1.3,0.6,429.9,317.0
36.0,36.3,24.1,42.3,0.5,1.4,0.7,315.8,211.4
59.8,63.5,19.3,33.0,0.7,1.7,1.2,310.4,322.5
20.5,22.9,20.3,40.8,0.4,1.6,0.6,566.8,405.3
73.0,10.5,25.6,47.2,0.6,1.6,1.1,622.8,660.3
17.4,30.5,21.2,43.6,0.4,1.4,0.5,313.9,154.1
99.1,24.4,17.7,39.0,0.7,1.9,1.3,422.9,570.5
73.2,25.1,25.9,51.4,0.6,1.2,0.8,581.1,496.6
25.9,19.6,21.5,29.4,0.4,1.8,0.7,579.2,435.8
9.9,3.5,28.3,39.8,0.3,1.7,0.5,464.5,243.06029526806577
75.1,1.5,25.6,50.5,0.6,1.2,0.8,286.6,221.4
66.5,92.4,21.7,42.4,0.9,1.7,1.5,279.2,89.62351926021589
76.4,40.8,26.8,37.3,0.7,1.1,0.9,575.4,543.6
79.5,36.5,22.8,45.2,0.7,1.5,1.0,160.4,143.4
15.3,64.0,25.3,52.0,0.5,1.5,0.7,471.0,325.9
42.2,18.8,24.5,41.9,0.5,1.5,0.7,314.1,205.2
21.0,90.6,20.8,29.7,0.6,1.8,1.0,284.9,295.1
78.4,67.3,21.3,43.5,0.8,1.7,1.5,284.2,394.5
58.7,8.3,22.34259659119323,43.2,0.5,1.4,0.9,628.1,461.6
35.6,39.1,20.1,49.8,0.5,1.6,0.8,158.2,137.2
16.1,83.3,22.2,48.6,0.5,1.7,0.9,468.0,416.3
37.5,87.8,18.3,40.541486696811944,0.7,1.3,0.9,145.1,130.9
36.5,39.9,24.4,42.0,0.5,1.9,1.0,443.52245393159194,134.2
69.4,51.6,28.7,41.5,0.8,1.2,0.9,285.1,295.8
68.1,14.0,20.6,39.9,0.6,1.5004472840173777,1.0,478.5,457.8
90.8,94.5,21.2,41.8,1.0,1.5,1.3,317.2,363.3
48.4,19.8,23.9,47.2,0.5,1.5107133876197325,0.7,319.4,210.3
21.4,43.21798395889224,22.6,36.4,0.6,1.5,0.8,141.6,136.5
66.5,56.5,22.1,39.4,0.8,1.493272266529769,1.1,161.78182059466798,341.4
78.2,51.1,18.2,49.3,0.8,1.4,1.2,637.5,694.1
55.2,44.0,23.9,51.0,0.6,1.2,0.8,574.4,453.4
71.5,21.6,20.7,51.9,0.7,1.6,1.1,312.9,325.4
54.1,15.0,23.6,46.2,0.5,1.8,1.0,422.9,388.4
57.9,20.6,23.3,44.7,0.5,1.3,0.7808329906033092,566.0,328.6359010207813
44.6,17.5,27.0,54.5,0.5,1.3,0.7,158.5,730.0321213828828
12.9,65.6,25.1,54.4,0.5,1.4,0.8,569.3,472.1
20.4,32.8,24.3,32.55594115409069,0.4,1.2,0.5,559.8,285.0
12.3,4.9,21.7,48.1,0.3,1.6,0.5,159.9,69.2
68.3,84.0,19.9,35.8,0.9,1.6,1.4,155.7,221.5
39.2,82.2,21.6,41.0,0.7,1.7,1.1,575.7,583.5
50.3,78.5,20.4,47.5,0.8,1.5,1.1,476.6,452.4
91.4,93.2,21.0,39.6,0.9,1.6,1.5,160.0,225.2
29.3,14.8,26.3,37.0,0.4,1.5,0.6,313.0,181.8
46.6,37.0,18.4,36.9,0.5,1.4138106449331025,1.0,290.1,266.9
71.9,73.0,23.7,38.1,0.9,1.6,1.4,470.0,557.8
30.6,58.4,26.3,38.3,0.6,1.7,1.0,420.2,405.5
15.5,13.2,23.1,38.7,0.3,1.6,0.8945967062975098,624.7,292.1
33.1,75.8,17.5,46.2,0.6,1.5,0.9,319.9,282.2
23.0,18.9,19.3,39.0,0.4,1.8,0.7,432.2,329.4
92.9,18.7,26.9,37.5,0.7,1.5,1.1,466.8,525.3
74.9,50.0,21.2,31.4,0.7,1.5,1.1,290.0,334.1
60.4,50.3,20.8,44.9,0.7,1.3,1.0,155.4,132.4
89.4,55.5,21.5,36.3,0.8,1.5,1.2,620.1,725.8
73.4,8.6,23.0,52.8,0.6,1.5,1.0,562.0,608.2
27.6,75.7,24.7,48.6,0.6,1.4,0.8,311.0,222.0
80.6,24.7,19.9,44.5,0.7,1.2,0.8,287.0766166716716,410.4
58.1,12.5,20.4,35.0,0.5,1.5,0.8,144.9,161.82426507304785
74.1,76.6,21.7,47.4,0.9,1.6,1.4,478.9,671.5
80.3,82.3,18.9,33.3,0.9,1.6,1.5,473.2,672.2
39.3,81.9,27.7,57.7,0.7,1.8026864565430551,0.8,429.2,382.4
18.7,70.6,22.3,40.9,0.6,1.5,0.8,620.1,498.0
27.4,55.6,25.8,43.0,0.38877970072802837,1.3,0.7950247872651907,427.2,295.4
48.5,52.3,27.2,42.5,0.6,1.5,0.9,282.7370445180185,279.4
82.9,8.3,21.6137797223799,50.32437933139999,0.7,1.2,0.8173930286461448,630.7,502.8
86.6,38.7,19.8,34.989241124530984,0.7,1.4,0.9,158.3,152.5
11.0,31.6,24.0,34.8,0.4,1.3042687194296343,0.5,311.2,141.9
51.5,22.2,23.2,42.1,0.6,1.4,0.8,317.8,250.9
43.8,67.5,19.64348915605308,37.4,0.7,1.3,0.8,309.3,226.0
27.9,42.1,23.5,47.9,0.5,1.4,0.8,560.7,447.1
19.5,7.5,18.2,43.7,0.3,1.4,0.5,286.2,142.4
40.5,19.1,26.7,52.4,0.5,1.4,0.7,565.0,435.2
94.7,64.3,21.8,42.9,0.8,1.5,1.2,471.7,589.3
36.1,7.3,21.0,37.7,0.4,1.8,0.7,312.0,220.3
57.4,80.9,22.0,36.6,0.7,1.3,1.0,580.5,539.8
66.3,42.2,22.5,47.9,0.7,1.6,1.1,141.8,164.6
39.3,46.1,24.4,39.2,0.5,1.3,0.6,139.8,98.9
87.8,49.6,19.8,36.9,0.9,1.3,1.1,464.1,448.7
96.4,70.3,25.2,37.0,1.0,1.6,1.5,312.9,440.1
30.3,29.4,17.7,31.6,0.5,1.6,0.7,143.8,103.3
55.6,57.5,21.6,31.8,0.7,1.6,1.2,431.7,548.5
34.2,47.8,25.0,51.5,0.6068516920960585,1.6,0.8,431.2,397.3
36.0,25.6,20.6,32.8,0.4,1.9,0.8,315.6,257.4
14.0,83.8,19.2,43.4,0.5,1.1,0.7,567.3,427.2
59.5,57.59939666325026,24.4,35.6,0.7,1.2,0.9,463.6,413.9
54.8,57.2,23.8,43.1,0.6,1.3,1.3018928941414982,577.6,473.7
15.2,80.1,21.8,38.0,0.39260068714130664,1.4,0.7,139.5,110.0
31.5,81.7,22.2,53.7,0.6,1.4,1.0,433.6,466.4
83.2,60.3,22.7,49.4,0.8,1.5,1.4,641.8,774.5
29.4,79.2,26.0,38.9,0.6,1.3,0.7,473.0,317.0
23.4,60.0,23.9,48.6,0.5,1.8,1.0,474.8,443.7
54.0,63.4,20.2,49.5,0.6,1.8,1.2,311.8,361.4
99.3,58.8,22.6,47.0,0.9,1.5,1.1,142.0,168.8
31.7,64.6,27.7,50.0,0.6,1.2,0.8,314.6,210.4
69.7,13.4,22.4,34.4,0.6,1.2,1.1136711611519892,311.2,219.3
71.3,84.4,20.5,43.8,0.8,1.2,1.0,621.6,610.1
28.2,82.9,24.0,37.2,0.6,1.2,0.7,141.4,123.4
67.3,2.7,23.1,35.3,0.6,1.6,0.9,578.7,551.4
44.0,78.9,17.4,44.6,0.6,1.3,0.8,638.6,560.5
67.8,11.1,25.4,37.9,0.5,1.5,0.7,141.2,113.2
66.0,32.2,19.5,48.8,0.7,1.9,1.2,284.7,351.0
58.6,71.4,22.7,50.6,0.8,1.5,1.1,625.0,725.0
16.4,13.9,24.0,47.6,0.3,1.7,0.6,565.9,375.0
85.0,69.5,21.5,49.2,0.8,1.3,1.0,313.9,316.3
38.9,80.0,24.6,37.1,0.6,1.4,1.0,314.6,261.3
27.6,48.1,21.9,57.5312220378199,0.5,1.6,0.8,471.4,318.0
12.6,0.6,24.4,43.4,0.3,1.3,0.3,470.5,159.4
62.3,27.5,19.9,36.0,0.6,1.3,0.7,320.5,199.7
63.9,57.3,25.2,32.5,0.8,1.7,1.2,431.7,89.16673278318709
12.0,91.8,24.5,38.39721878451999,0.40739136599969933,1.5,0.8,158.3,140.6
50.0,2.0326846853992273,20.7,43.0,0.7,1.4,0.9,140.0,375.8133448068437
27.8,25.0,23.1,48.9,0.4,1.6,0.7,279.1,530.1993562201534
68.8,54.0,21.9,35.3,0.7,1.5,1.0,284.0,304.3
23.4,45.7,24.9,49.0,0.5,1.2,0.6,309.4,170.5
66.3,38.74918683714196,22.1,39.2,0.8,1.4,1.2,320.0,351.9
45.8,9.0,25.5,38.4,0.5,1.2,0.6,288.7,183.2
84.7,65.0,20.5,49.6,0.8,1.2,1.0,141.0,175.2
20.4,50.9,22.2,37.35624723600892,0.5,1.9,0.9,316.7,270.0
41.0,17.733746655971323,23.4,44.8,0.7,1.5,1.1,626.2,618.5
20.9,28.8,22.2,30.8,0.4,1.7,0.6,315.3,191.8
92.6,54.4,25.0,48.4,0.9,1.5,1.2,290.7,334.3
87.7,87.5,22.887008808153055,41.8,1.0,1.4,1.4,435.4,612.3
30.5,8.9,18.8,43.5,0.4,1.4,0.6,560.8,336.0
70.5,81.4,18.7,44.93993760576779,0.8,1.3,1.1,156.3,165.6
82.6,66.1,23.4,54.6,0.8,1.2,1.0,470.4,455.5
60.5,6.5,27.5,50.3,0.5,1.7,0.9,476.9,366.0
57.4,28.4,20.9,45.1,0.5,1.7,1.0,428.8,384.6
31.7,59.9,22.6,54.1,0.5982847151644068,1.5,0.8,141.6,124.0
18.6,6.3,23.4,45.8,0.3,1.6,0.4,430.3,215.2
81.8,55.2,25.8,42.3,0.9,1.7,1.5,145.0,203.9
81.0,32.9,18.8,46.7,0.8,1.2,0.9,431.8,436.1
65.9,73.02103022005318,21.5,41.6,0.8,1.5,1.0,427.8,459.2
36.8,3.9,23.2,37.6,0.4,1.5,0.6,158.5,91.3
38.3,81.5,22.3,47.0,0.7,1.8,1.2,626.9,642.8
69.0,84.3,23.9,53.5,0.8,1.7,1.5,143.2,240.7
92.1,93.0,23.2,55.5,0.9,1.4,1.2,572.7,778.4
82.4,70.1,15.9,34.0,0.9,1.6,1.6,314.1,462.7
81.2,11.3,25.2,47.3,0.6,1.6,1.0,143.9,165.5
67.4,66.1,21.4,33.0,0.7,1.3,1.1,144.2,162.5
18.2,2.1,16.5,41.632262422331785,0.3,1.4,0.604006338842622,565.9,237.3
25.2,1.9,22.3,49.7,0.3,1.4,0.5,139.9,113.60107286403573
82.3,27.3,24.0,51.3,0.7,1.9,1.2,141.2,189.6
64.8,46.1,23.1,49.3,0.5964241230534845,1.3,0.9,311.1,274.2
10.1,74.1,26.0,46.5,0.5,1.7,0.8,433.1,400.7
19.9,57.2,27.4,49.9,0.5,1.3,0.7,435.1,310.0
69.5,38.7,26.4,37.7,0.6,1.7,1.0,142.7,159.1
11.0,26.0,19.68974633362443,43.0,0.3,1.4,0.5,310.3,142.5
22.2,94.4,25.2,44.8,0.6,1.5,0.9,156.1,155.6
58.5,36.2,21.5,48.3,0.6,1.6,1.1,157.6,152.3
71.7,39.1,19.0,33.8,0.7,1.6,1.1,313.1,367.2
67.4,15.3,22.3,47.2,0.5,1.6,1.1,427.7,418.9
30.0,74.7,20.6,34.3,0.6,1.3,0.8,160.4,103.1
73.6,65.8,26.3,49.7,0.8,1.7,1.2,310.6,349.6
28.4,18.9,22.8,48.4,0.613083743109107,1.2,0.5,279.3,151.5
35.4,7.1,21.2,43.0,0.4,1.4,0.6,559.5,384.0
78.2,17.00261954771399,22.5,48.6,0.8,1.5012923288643216,1.1,628.8,667.7
61.1,61.0,23.3,39.2,0.8,1.5,1.0,627.5,595.6
87.6,23.8,20.79378606415649,37.8,0.7,1.6,1.1,156.5,149.7
69.8,90.5,19.0,41.8,0.8,1.7,1.6,141.2,210.5
54.8,13.2,23.9,42.2,0.5,1.2,0.7,283.6,216.6
18.8,37.1,21.3,31.5,0.4,1.5,0.7,313.9,214.3
38.9,80.1,20.0,41.2,0.7,1.5,1.0,420.7,481.3
34.1,35.6,21.6,42.0,0.5,1.2,0.6,626.0,361.9
32.5,61.1,23.2,43.9,0.6,1.4,0.7,622.9,407.9
45.180049960634,34.3,22.1,45.9,0.8,1.8,1.3,627.1,581.5950593982175
45.5,23.1,21.7,35.3,0.5,1.8,0.9,287.4,251.3
15.023506895988874,92.8,17.9,27.5,0.9,1.7,1.7,418.7,763.8
59.4,35.6,20.7,44.3,0.7,1.7,1.1,281.6,366.2
81.9,84.8,17.2,37.7,0.9,1.3,1.2,143.6,183.5
55.8,19.4,22.9,50.9,0.6,1.4,0.7,421.8,358.7
55.9,18.1,23.7,45.9,0.6,1.7,0.8,141.3,144.4
54.7,2.9,17.7,42.7,0.4,1.4,0.7,315.2,202.0
28.0,56.3,20.1,52.4,0.6,1.4,0.8,283.2,247.9
68.9,57.52523967356157,18.9,38.0,0.7,1.4,1.0,464.6,447.8
35.7,36.09291140240083,21.4,44.9,0.7,1.6,0.6928861636005633,634.8,500.07157498366087
11.4,40.6,23.9,40.7,0.4,1.5,0.6,311.0,199.8
67.6,90.1,16.5,28.3,0.8,1.3,1.1,561.7,685.4
26.4,17.6,23.7,45.2,0.4,1.6,0.9017758029008861,319.7,163.9
84.1,73.9,20.7,35.8,0.9,1.4,0.7096870200658316,282.7,442.5
85.4,7.74808418954875,22.8,50.3,0.9,1.4,1.3,465.0,654.3
83.7,65.5,23.8,41.9,0.9,1.3,1.2,424.5,503.1
43.6,71.5,18.8,39.7,0.7,1.6,1.2,559.3,690.2
10.8,64.6,22.3,39.9,0.5,1.2,0.6,143.0,85.5
94.1,60.2,19.1,29.3,0.8,1.4,1.2,165.6759836012858,507.4
48.7,11.1,25.8,32.9,0.4,1.6,0.8,466.0,339.1
97.3,2.7,21.2,38.5,0.6,1.6,1.0,567.3,593.8
94.9,2.4164170094014,25.9,40.9,1.0,1.5,1.4,142.8,187.3
79.2,52.3,23.1,45.7,0.8,1.5,1.4,581.4,731.7
33.7,75.7,21.5,45.3,0.6,1.6,0.9,430.3,452.3
44.2,45.2,17.5,48.3,0.6,1.8,1.0,311.9,406.57205776217006
77.9,11.2,16.9,38.4,0.7,1.7,1.1,283.2,341.7
34.7,11.7,16.9,30.8,0.4,1.6,0.7,282.2,207.1
23.4,58.7,22.0,46.6,0.6,1.6,0.8,475.8,340.7
59.3,36.8,22.0,48.3,0.6,1.2,0.8,567.5,463.3
94.0,17.3,19.3,33.0,0.7,1.3,1.0,427.6,410.7
73.1,47.3,25.1,51.2,0.7,1.5,0.915848759577296,476.2,482.1
55.9,6.1,19.4,37.7,0.5,1.7,0.8,477.2,379.9
19.3,55.6,21.4,46.7,0.5,1.4950372762545519,0.8,139.6,112.2
65.2,25.2,24.8,53.2,0.6,1.4,0.9,145.4,116.2
89.4,76.2,25.3,32.8,0.9,1.1,1.0,313.7,354.7
21.0,29.7,22.6,47.1,0.4,1.4,0.6,290.9,191.1
51.6,43.0,18.5,40.4,0.6,1.4,0.9,158.6,121.7
89.0,1.1,16.0,43.1,0.6,1.5,1.0,470.0,479.9
76.7,6.9,20.9,36.8,0.6,1.3,0.7,315.7,226.1
73.7,37.0,23.0,46.8,0.6,1.6,1.0,288.3,330.5
72.7,40.4,18.7,32.1,0.7,1.7,1.3,309.4,392.8
54.73238052650933,50.8,20.3,36.1,0.6,1.3,0.7,159.3,108.3
32.6,25.0,21.5,34.8,0.4,1.4,0.7,580.2,436.5
73.5,66.1,20.3,53.7,0.8,1.2,1.0,628.5,573.5
81.5,74.4,21.5,49.6,0.9,1.6,1.3,468.0,654.4
88.3,73.1,23.7,51.5,0.8,1.5,1.4,155.0,188.5
82.0,3.4,22.1,48.7,0.6,1.5,1.0,567.3,533.3
51.7,44.8,20.1,37.904063255583445,0.7,1.4,1.0,465.4920671295127,589.7
50.3,9.9,26.8,45.2,0.5,1.8,0.9,571.6,538.4
80.5,20.5,20.5,35.0,0.7,1.3,0.8,155.1,123.3
68.0,93.5,23.0,49.493430415149206,0.9,1.3,1.0,433.4,427.4
72.5,13.7,23.0,39.7,0.6,1.7,1.1,565.2,642.6
72.2,47.0,24.0,39.9,0.8,1.6,1.2,465.6,540.0
82.2,58.5,23.3,37.3,0.9,1.8,1.4,418.8,603.8
40.2,67.3,24.0,33.3,0.6,1.6,0.9,283.3,304.3
40.3,48.2,19.8,32.0,0.6,1.7,1.0,429.9,458.1
17.4,11.326090444602185,21.4,34.4,0.3,1.5,0.4,145.2,68.0
55.1,30.7,19.9,51.8,0.6,1.8,1.0,468.1,394.5895525598073
13.6,43.5,23.0,49.7,0.4,1.8,0.8,142.9,119.1
52.2,7.6,22.6,48.1,0.4,1.5,0.8,291.0,205.6
52.6,30.1,20.8687004660084,38.8,0.6,1.2,0.7,280.8,241.6
32.6,2.9,20.5,35.7,0.4,1.4,0.5,468.9,247.6
57.5,6.7,16.1,40.5,0.6,1.4,0.7,141.6,107.5
59.898329300905054,33.3,21.3,48.096213631114225,0.8046052766114115,1.3,0.5,423.6,248.2
14.0,12.3,22.9,39.4,0.3,1.3,0.5,635.6,238.3
77.4,48.6,21.2,39.1,0.7,1.6,1.1,141.1,168.2
38.5,59.6,20.8,33.6,0.6,1.5,1.0,158.8,139.3
22.1,76.2,23.9,39.0,0.5079111490083799,1.5,0.9,157.9,367.656202084366
58.0,19.3,20.5,34.6,0.6,1.5,0.8,639.9,527.4
80.1,15.8,26.0,50.6,0.7,1.2,0.7,434.3,368.5
26.9,8.9,21.7,32.0,0.4,1.3,0.5,284.5,436.0561733340071
59.0,59.2,19.6,32.2,0.7,1.3,0.9,155.7,148.6
16.1,61.5,25.1,55.3,0.5,1.4,0.8,423.3,328.8
15.4,5.621920327972667,17.9,33.5,0.4035362299516625,1.4,0.4,575.4,215.5
59.0,88.6,25.7,42.8,0.8,1.3,1.0,581.9,658.6
57.7,4.5,23.0,54.9,0.5,1.4,0.7,468.3,302.4
61.2,45.6,19.5,32.2,0.7,1.8,1.1,143.1,164.5
69.1,60.2,26.7,34.7,0.7,1.3,1.0,140.3,149.3
89.4,80.9,20.7,42.7,1.0,1.5,1.4,142.0,232.9
52.0,60.0,22.0,40.1,0.7,1.6,1.2,281.4,317.1
35.5,68.8,21.8,45.5,0.6,1.6,1.1,141.2,156.3
72.5,28.4,22.6,46.3,0.7,1.7,1.3,279.5,342.3
35.2,75.8,23.1,34.3,0.6,1.1,1.1982428791298938,315.9,237.5
45.1,7.6,25.5,43.3,0.5,1.2,0.6,571.1,347.1
17.7,75.8,16.7,39.3,0.6,1.8,0.9,480.1,466.7
12.9,50.8,21.380793605139335,36.3,0.4,1.4,0.6,558.1,360.1
58.516196941773025,69.5,17.1,42.8,1.0,1.6,1.5,430.5,662.9
86.4,42.0,23.2,42.6,0.8,1.5,1.1,154.7,169.6
67.1,54.6,26.5,46.1,0.7,1.7,1.1,476.2,576.3
43.2,48.9,20.6,29.8,0.6,1.7,1.1,310.0,337.7904564583349
26.4,58.49118620775687,19.6,42.0,0.5,1.9,1.0,468.4,430.6
24.4,7.7,18.0,33.2,0.4,1.7,0.8781205203003286,312.0,177.0
30.0,5.2,20.6,45.4,0.4,1.3,0.5,634.7,328.5
59.8,21.1,19.9,33.9,0.6,1.7,1.0771870247032729,279.0,309.4
66.7,13.6,25.3,44.7661133039306,0.6,1.2,0.7,284.5,235.6
69.3,76.0,23.33138022614994,46.8,0.9,1.3,1.0,574.8,684.0
35.5,21.0,26.3,51.7,0.5,1.8,0.7,632.9366049429765,118.0
86.1,91.8,19.2,44.4,0.9,1.3,1.2,436.3,568.9
70.3,32.1,22.9,46.7,0.7,1.3,0.8,463.8,379.3
53.5,15.7,16.7,45.4,0.5,1.4,0.7,633.7,440.0
58.7,67.3,20.8,44.4,0.39638632577255584,1.6,1.2,571.9,828.1
47.4,56.4,25.5,42.9,0.6,1.6,1.0,577.3,541.6
32.7,41.9,25.1,45.0,0.5,1.5,0.8,154.8,117.1
41.9,48.0,17.8,48.3,0.6,1.3,0.7,641.8,433.6
70.2,67.7,21.8,48.1,0.8,1.6,1.4,434.7,618.9
11.6,19.3,21.0,51.6,0.3,1.5,0.5,434.5,127.78292945717837
18.7,84.8,22.0,38.5,0.6,1.4,0.9,139.9,123.7
13.5,92.5,18.6,36.2,0.6,1.3,0.9,321.32307038830646,356.1
12.8,54.8,24.1,39.9,0.5,1.3,0.6,571.1,401.8
87.0,16.9,19.4,43.3,0.6,1.7,1.2,619.1,767.4
73.3,58.9,20.9,43.6,0.8,1.5,1.1,314.6,183.39176447500498
52.5,6.1,22.983956886982032,45.6,0.5,1.7,0.9,158.7,130.0
19.2,2.6,20.9,45.7,0.3,1.3,0.4,313.6,118.3
50.1,21.9,20.2,39.5,0.5,1.6,0.9,632.5,509.1
47.5,38.9,20.558058703437357,46.3,0.6,1.7,0.9,428.4,469.4
25.6,81.2,20.9,41.2,0.6,1.7,0.9,310.6,279.7
44.3,67.8,22.0,35.9,0.7,1.9,1.2,144.0,169.1
41.6,64.5,20.3,38.5,0.6,1.3,0.9,286.0,300.1
59.3,40.4,26.9,53.4,0.7,1.3,0.8,435.1659986153863,236.8
67.2,29.8,25.0,37.7,0.7,1.7,1.0,558.3,576.8
14.5,31.2,20.3,33.2,0.4,1.7,0.7,467.6,300.6
43.621233600398,82.9,22.3,49.3,0.8,1.5,1.1,288.0,322.4
58.9,3.4,19.7,32.7,0.5,1.4,0.7,479.3,327.2
54.4,72.9,24.0,48.0,0.8,1.6,1.1,145.5,157.6
79.1,55.7,23.7,45.9,0.8,1.5,1.1,621.0,628.5
62.1,38.3,21.0,40.1,0.6,1.4,1.0,315.5,279.6
23.1,42.144095081954546,24.7,48.7,0.5,1.5,0.9,316.7,248.3
15.0,45.2,17.2,34.4,0.5,1.8,0.7,312.3,229.0
31.91215210305847,73.9,18.5,42.6,0.8,1.3,1.0,427.6,460.9
11.4,76.7,20.3,34.0,0.5,1.4,0.7,478.8,365.8
63.7,36.8,23.9,48.4,0.6,1.3,0.8,419.7,374.7
86.3,23.6,25.1,36.8,0.7,1.3,1.0,320.8,281.2
56.6,57.0,29.0,45.9,0.7,1.8,1.2,280.5,364.0
44.8,87.8,24.4,36.0,0.7,1.8,1.2,158.3,175.0
67.7,17.7,24.1,40.7,0.6,1.5,0.8,432.3,357.0
47.4,54.2,18.1,33.1,0.7,1.7,1.0,141.9,164.4
14.396194061719248,54.9,19.4,32.3,0.7,1.8,1.2,464.0,499.8
92.8,61.6,20.9,48.2,0.8,1.7,1.6,644.4220008002665,857.1
40.3,11.4,19.2,37.7,0.5,1.3,0.6,564.4,381.7
87.3,44.37374252202329,22.5,53.6,0.9,1.9,1.6,281.8,496.6
82.6,86.9,22.2,52.5,0.9,1.2999834782651962,1.4,290.3,369.4
27.9,17.3,17.9,40.3,0.4,1.3,0.6,144.7,79.5
15.2,22.8,22.6,35.2,0.4,1.2,0.5,466.7,205.0
19.8,81.3,18.0,39.2,0.6,1.4,0.9,562.7,507.9
10.9,17.4,23.4,45.6,0.3,1.695654674985302,0.4,156.6,61.7
17.4,73.3,26.3,43.1,0.6,1.3,0.8,316.0,289.94108898005385
71.2,46.7,18.4,32.5,0.7,1.3,0.9,624.9,613.2
15.4,58.21778765766993,22.859039353633793,35.6,0.4,1.8,0.6,581.1,113.99687058796293
38.8,73.4,19.9,51.3,0.6,1.8,1.1,159.0,176.9
84.5,38.6,23.4,53.2,0.8,1.5,1.1,424.6,437.2
12.4,48.3,25.0,43.2,0.5,1.8,0.8,141.5,112.4
83.8,30.4,18.1,41.0,0.7,1.7,1.3,155.0,170.0
31.9,50.5,24.5,40.1,0.5,1.6,1.0,582.0,580.7
19.3,15.5,20.0,36.5,0.3,1.2,0.5,630.8,256.6
72.4,33.5,22.4,52.2,0.7,1.7,1.0,637.9,688.8
61.5,90.7,27.1,46.2,0.8,1.7,1.4,142.4,232.3
81.7,22.4,18.9,31.3,0.8,1.7,1.2,635.6,639.9
76.1,61.6,21.9,34.2,0.4049707794652672,1.5,1.1,318.4,344.9
74.0,27.8,24.7,48.5,0.7,1.6,1.0,315.5,330.4
31.9,64.8,23.6,47.5,0.6,1.7,0.9,475.3,413.0
23.3,12.3,20.7,46.4,0.4,1.6,0.5,145.3,85.6
78.2,91.0,23.7,50.4,0.9,1.3,1.0,569.2,711.5
75.8,10.316858882773671,20.2,32.4,0.8,1.5,1.1,424.9,436.0
88.8,22.3,23.8,43.4,0.7,1.7,1.3,154.7,198.4
43.4,6.2,22.1,39.8,0.5,1.8,0.7,145.5,121.1
43.4,14.5,24.4,37.5,0.4,1.5094207670004358,0.6,156.5,85.2
79.0,50.0,21.9,39.3,0.8,1.8,1.4,160.1,189.1
37.5,29.3,24.29726114272533,48.0,0.5,1.4,0.7,465.5,326.9
94.9,71.5,20.4,30.7,0.9,1.7,1.4,622.2,814.8
79.5,36.8,23.7,37.8,0.7,1.6,1.3,154.8,191.9
48.8,23.5,22.8,37.6,0.5,1.6,0.8,158.9,124.9
78.3,53.4,18.4,33.9,0.7,1.9,1.3,472.1,568.1
78.9,67.4,26.2,49.9,0.8,1.3,1.1,627.5,617.1
19.9,23.84764667451252,20.8,40.3,0.3,1.8,0.6,290.1,187.8
83.7,14.4,19.6,41.4,0.7,1.2,0.8,318.1,248.1
55.6,3.5,21.5,43.0,0.5,1.6,0.7,433.9,367.6
77.7,63.9,27.1,43.76743188693704,0.9,1.7,1.4,284.5,389.8
39.4,62.5,17.7,38.4,0.6,1.6,0.9,142.8,149.9
85.48992566505275,40.4,31.6,50.9,0.7,1.4,1.0,472.3,499.4
40.8,80.7,25.9,44.8,0.7,1.6,1.1,480.2,495.6
11.4,74.7,24.1,54.9,0.5,1.2,0.6,477.1,278.0
89.9,50.5,21.2,49.9,0.8,1.1,1.1,424.3,431.6
18.9,80.9,21.9,38.6,0.6,1.7,0.9,436.5,395.5
38.7,19.3,22.5,46.7,0.5,1.6,0.6,162.81138031295998,95.9
96.8,9.4,25.0,38.2,0.6,1.6,1.1,289.4,371.2
86.8,23.1,21.8,32.5,0.7,1.5,1.0,144.3,329.6674160994015
62.4,5.4,23.2,37.9,0.5,1.5980063966356657,0.7,142.6,103.2
66.3,44.9,20.6,35.9,0.7,1.8,1.1,475.7,491.5
50.0,81.0,20.9,40.5,0.7,1.6,1.1,579.0,698.5
32.9,3.7,20.7,41.9,0.4,1.4,0.5,579.4,323.1
35.6,11.4,25.9,56.2,0.4,1.5,0.7,428.4,298.2
70.5,43.3,24.2,46.3,0.6,1.6,1.0,159.1,142.9
76.4,78.9,13.9,32.7,0.8,1.5,1.4,160.4,214.0
71.07809711141236,29.9,22.7,36.0,0.6,1.4,1.1,633.4,637.2
72.9,48.8,23.4,35.3,0.7,1.6,1.3,424.9,547.9
17.0,3.6,20.8,44.8,0.3,1.8,0.5,475.1,214.6
55.0,13.8,22.1,41.1,0.5,1.7,0.8,642.0,479.1
15.7,92.9,26.2,53.2,0.6,1.2,0.8956651338773344,434.8,350.9
59.6,91.8,25.7,38.9,0.8,1.8,1.3,639.1,856.9
49.9,0.4,18.8,32.1,0.4,1.5,0.7,144.2,99.8
81.1,81.4,24.3,39.5,1.0,1.6,1.6,422.5,709.6
37.3,55.2,20.9,32.6,0.6,1.3,0.8,632.7,484.3
19.3,73.6,17.7,30.4,0.6,1.8,1.0,284.1,277.3
21.2,42.8,21.7,41.9,0.4,1.7,0.8,431.5,353.1
78.2,43.9,24.9,38.1,0.8,1.3,1.0,318.3,291.8
58.4,41.6,23.4,44.8,0.7,1.5,1.0,568.5,609.6
19.3,61.9,23.583223481802076,36.4,0.5,1.8,0.9,160.0,126.3
17.7,11.7,25.1,35.9,0.3,1.3,0.4,428.1,170.9
72.3,2.6,21.7,43.7,0.5,1.9,1.0,157.4,156.8
17.2,26.4,19.7,44.3,0.4,1.7,0.6,478.9,255.2
77.2,60.7,19.828146782060067,43.6,0.9,1.5,1.3,159.3,185.0
74.8,44.09898745119797,23.0,46.8,0.6,1.4,0.9,143.3,132.8
16.4,64.8,22.5,38.4,0.5,1.3,0.6,285.4,194.2
18.2,84.2,24.1,53.2,0.6,1.9,1.1,632.2,649.1
99.4,7.9,25.1,40.8,0.7,1.4,1.0,154.9,149.2
43.3,58.3,23.9,49.0,0.6,1.6,1.1,145.2,161.1
43.2,41.9,26.4,44.3,0.5,1.4,0.8,561.9,476.45248572583273
75.8,80.6,20.9,52.8,0.8,1.4,1.2,138.97870792862744,482.7
95.2,15.1,18.5,35.5,0.7,1.3,0.9,623.7,548.4
90.7,65.8,20.3,34.4,0.8,1.5,1.3,144.9,212.6
78.8,78.8,21.4,29.1,0.8,1.8,1.4,471.1,716.4
44.3,81.6,21.3,49.6,0.7,1.5,1.0,158.8,406.8000884768082
16.6,65.8,23.0,44.0,0.5,1.5,0.7,141.3,110.1
73.0,46.4,19.2,43.2,0.7,1.3,1.1,468.2,481.5
59.4,59.4,19.8,33.9,0.7,1.6,1.0,471.3,437.9
47.9,73.5,18.0,31.9,0.8,1.6,1.1,625.3,577.1
92.7,49.1,21.6,35.3,0.8,1.6,1.5,290.8,441.3
18.3,2.6,22.8,48.7,0.3,1.6,0.5,288.2,143.6
54.0,86.9,21.4,45.5,0.8,1.4,1.2,310.8,325.1
10.2,66.2,24.4,54.2,0.5,1.3,0.6,633.5,350.5
51.8,63.0,23.6,37.6,0.6,1.9,1.2,283.5,367.1
15.6,20.7,18.9,38.1,0.4,1.4,0.4,317.2,132.4
20.9,62.3,21.0,41.1,0.5,1.2,0.6,283.8,182.4
19.1,37.0,21.2,33.9,0.4,1.5,0.7,479.3,321.2
69.5,55.1,18.8,48.5,0.8,1.7,1.2,282.9,354.7
68.7,9.1,22.9,55.5,0.6,1.5,0.8,628.1,546.4
56.0,57.2,20.2,52.3,0.7,1.6,1.1,290.9,319.9
88.2,85.0,19.9,43.2,1.0,1.8,1.5,628.5,1016.7
39.1,4.2,16.0,34.3,0.4,1.3,0.5,158.0,79.5
32.2,83.0,22.5,37.8,0.7,1.8,1.2,420.4,547.5
78.9,38.7,18.1,51.2,0.7,1.7,1.1,571.5,752.4
30.0,80.9,21.5,33.124647245493854,0.7,1.5,1.0,144.0,127.3
98.0,13.77134589681406,24.2,48.8,1.0,1.5853073797534476,1.3,621.2,751.1
11.7,48.8,26.8,46.5,0.4,1.3,0.6,282.9,187.2
88.2,64.3,17.5,43.4,0.9,1.8,1.6,636.6,840.7
12.7,84.0,15.0,42.1,0.5,1.4,0.8,418.9,394.8
80.0,34.2,23.5,37.4,0.809831846869615,1.5,1.1,317.4,334.1
58.6,27.4,27.3,44.7,0.6,1.6,0.9,143.7,129.9
89.3,57.1,24.2,38.1,0.8,1.9,1.7,282.7,446.1
15.3,70.0,21.4,43.8,0.5,1.683511516207229,0.7,144.4,112.8
59.0,72.8,22.1,37.9,0.7,1.8,1.2,140.6,200.2
87.4,67.4,22.9,38.7,1.0,1.5,1.2,155.4,184.3
57.6,41.7,18.8,49.5,0.6,1.3,0.7,155.8411942687493,237.4
60.8,70.5,21.7,48.5,0.7,1.4,1.0,572.5,638.3
65.2,10.1,22.4,38.7,0.6,1.4,0.8,629.3756306305502,119.5
46.6,51.1,23.935554633599956,44.2685929237804,0.6,1.2,0.9,156.7,117.0
60.6,0.6,30.1,54.6,0.5,1.1,0.7,478.3,270.7
57.1,27.5,23.8,36.1,0.6,1.8,1.1,158.3,147.8
91.7,34.0,19.6,34.5,0.7,1.6,1.3,157.7,203.0
13.2,33.4,23.3,36.4,0.4,1.7,0.6,483.2369153072115,93.0
31.8,64.5,16.5,37.6,0.6,1.3,0.8,627.2,474.5
94.5,33.0,19.6,32.2,0.8,1.3,1.0,560.9,564.2
80.8,38.1,19.8,53.1,0.8,1.3,0.9,279.8,301.0
45.7,20.7,19.4,41.5,0.5,1.7,0.9,434.4,363.4
65.4,34.8,21.0,39.8,0.6,1.9,1.1,480.2,479.8
34.7,19.8,18.8,33.4,0.8010955234438716,1.4,0.7,465.1,270.8
24.8,6.2,25.9,46.4,0.714648733639079,1.3,0.4,471.8,190.8
46.1,51.8,20.5,43.7,0.6,1.4,0.9,478.9,447.8
37.3,62.0,23.5,50.2,0.6,1.3,0.8,281.9,269.0
63.1,59.5,19.8,44.7,0.7,1.5,0.9,141.9,156.0
15.5,39.5,23.8,45.9,0.5,1.7,0.6,315.3,213.1
50.37457337635691,32.4,25.1,54.4,0.7,1.5,1.3,603.0018320958089,819.7
88.5,81.2,18.7,43.1,0.9,1.3,1.1,424.8,503.7
73.3,49.4,21.0,47.4,0.7,1.2,0.8,619.1,537.7
58.1,63.3202611664325,20.5,51.76694598001034,0.6,1.9,1.2,636.4,704.2
34.7,2.2,19.6,29.7,0.4,1.3,0.5,156.6,75.6
76.4,29.0,20.7,35.7,0.7,1.2,0.8,471.9,222.84689980972266
72.2,36.4,21.7,42.7,0.6,1.3,0.9,468.3,410.7
25.2,37.2,23.821134396161494,44.8,0.4,1.3,0.5,563.9,340.9
91.6,54.9,21.9,43.0,0.9,1.5,1.2,637.4,740.6
76.2,50.4,21.5,52.5,0.8,1.6,1.4,467.0,561.5
87.5,53.0,24.9,53.8,0.8,1.3,0.6689519041196772,158.4,190.5
67.3,64.9,22.29698423491926,52.9,0.8,1.4,1.1,625.0,670.5
66.3,76.9,24.3,41.4,0.8,1.5,1.2,143.6,174.5
42.4,26.27439024690091,19.66693283252036,48.5,0.7,1.5,1.0,576.3,549.9
83.6,89.1,24.1,36.7,0.9,1.8,1.7,636.9,941.2
80.9,1.6,21.6,32.7,0.6,1.8,1.1,309.1,58.84909890510043
13.0,19.85975993428646,15.0,31.7,0.3,1.1,0.4,478.8,167.8
11.5,0.7,22.5,36.0,0.3,1.6,0.5,313.6,137.8
39.7,60.8,26.4,46.8,0.6,1.5,0.9,310.8,263.7
75.5,83.3,25.7,53.9,0.9,1.7,1.5,279.8,445.6
99.1,20.4,25.3,38.1,0.7,1.4,1.2,580.5,711.3
24.3,86.0,26.7,47.8,0.6,1.9,1.1,566.1,619.6
58.6,5.7,23.5,40.4,0.5,1.7,0.8,576.5,487.1
40.0,80.3,23.5,36.6,0.7,1.4,1.0,140.0,151.4
86.6,33.3,21.4,42.3,0.8,1.6,1.1,570.3,729.5
85.2,8.6,22.0,35.2,0.7,1.9,1.2,478.6,145.08453364104366
86.9,41.8,22.5,43.4,0.8,1.8,1.4,312.0,413.9
52.2,21.7,23.8,46.3,0.5,1.2,0.6238395738828284,143.1,105.2
46.9,26.4,22.5,36.4,0.5,1.6,0.8,280.9,265.9
35.5,29.4,22.1,31.3,0.4,1.3,0.7,618.9,370.5
14.3,68.1,21.2,44.8,0.5,1.3,0.6,466.1,294.2
78.1,46.6,22.2,55.0,0.8,1.4,1.1,429.8,533.4
84.6,26.7,17.2,34.2,0.8069151120611233,1.4,0.9,321.0,296.6
90.9,58.8,15.5,39.3,0.8,1.6,1.5,479.1,622.7
101.0,59.487163281619495,20.0,42.3,0.9,1.3,1.3,143.1,202.4
59.8,22.9,17.7,45.8,0.5,1.6,1.0,286.1,302.8
78.1,38.6,21.9,45.0,0.7,1.1,0.8,474.0,401.7
96.3,11.5,20.9,41.1,0.7,1.3,1.0,154.9,148.4
86.2,15.5,24.657144879970765,46.6,0.7,1.3,0.9,569.8,573.4
32.8,64.7,24.0,50.8,0.5,1.4,0.7,140.0,275.07034004181645
45.3,17.3,24.4,42.5,0.5,1.2,0.6,481.4,263.1
22.4,48.7,23.6,42.47539080049653,0.5,1.2,0.6,318.1,193.8
87.6,66.9,22.1,31.6,0.8,1.5,1.3,424.0,565.0
64.4,10.1,18.4,42.7,0.5,1.5,0.8,155.0,115.3
27.4,53.8,26.1,52.9,0.5,1.4,0.8,139.8,109.0
64.4,21.9,20.6,32.8,0.6,1.5,0.9,640.6,545.3
65.8,80.8,24.8,42.8,0.8,1.8,1.3,318.0,444.9
43.1,45.7,20.1,37.2,0.6,1.7,1.0,640.6,556.0
20.5,75.1,17.1,29.3,0.5,1.4,0.8,574.0,462.9
63.8,51.3,23.2,57.1,0.7,1.3,0.9,159.4,141.4
56.1,4.1,21.7,39.7,0.5,1.3,0.6,281.4,171.62419473109807
71.8,53.4,21.0,29.4,0.8,1.7,1.4,470.0,579.0
50.5,90.2,18.7,38.9,0.7,1.3,1.0,559.1,610.0
88.1,50.4,26.4,51.2,0.8,1.3,1.1,581.0,631.9
59.3,76.4,20.3,31.4,0.8,1.3,1.1,428.3,441.9
60.2,82.1,27.0,47.3,0.7,1.3,1.1,571.1,668.9
88.0,19.5,18.7,37.7,0.6,1.4,0.8,143.6,143.4
47.2,17.8,24.6,38.1,0.5,1.6,0.8,620.2,462.8
22.5,51.7,22.1,33.4,0.5,1.4,0.7,564.3,361.1
11.7,35.8,22.1,43.4,0.4,1.5,0.6,142.2,87.7
71.1,70.9,19.9,34.6,0.9,1.2,1.0,290.8,336.0
59.1,83.9,22.7,52.7,0.7,1.2,0.9,140.3,139.7
72.6,17.716627180021312,22.8,51.9,0.7,1.8,0.9079274683700529,318.4,330.7
26.3,22.8,20.6,50.8,0.4,1.4,0.5,621.5,344.7
22.6,74.3,25.4,36.7,0.6,1.6,1.0,309.6,263.8
10.6,23.3,19.5,48.5,0.4,1.6,0.5,144.6,76.0
41.8,71.4,22.7,41.6,0.6,1.2,0.8,285.3,262.3
62.0,36.3,18.8,35.3,0.7,1.7,1.2,575.0,648.5
45.0,57.9,16.3,55.72299934116086,0.7,1.3,0.9,473.9,354.9
13.573061007681897,9.0,23.0,30.9,0.701723580415031,1.8,0.8,290.0,254.4
89.6,54.2,26.2,54.4,0.9,1.2,1.2,142.6,154.9
42.2,43.3,22.4,44.9,0.6,1.6,1.3915581343999575,564.7,517.4
51.7,49.1,21.2,38.9,0.7,1.1,0.8,559.3,502.6
72.3,14.2,20.4,45.3,0.7,1.6,1.0,283.7,303.9
42.0,70.5,22.7,35.6,0.6,1.6,1.1,145.1,167.8
65.0,73.1,21.9,47.4,0.7,1.7,1.4,160.4,222.1
80.8982505559785,18.9,20.1,34.0,0.7,1.6830471823899757,1.2,425.0698797780336,187.1
86.8,8.9,23.3,49.1,0.7,1.7,1.1,470.9,497.7
21.2,2.2,23.0,47.3,0.3,1.7,0.5,569.7,310.8
93.8,61.6,24.7,44.8,0.9,1.3,1.2,285.7,352.0
33.872853181997684,51.5,24.7,38.5,0.7,1.4,0.9,637.4,560.4
30.8,47.2,19.81177489186138,41.3,0.5,1.5,0.7,316.2,231.5
50.6,19.5,25.1,46.4,0.5,1.5,0.8,421.7,355.7
89.5,33.7,24.8,42.4,0.8,1.4,1.1,423.4,481.4
49.2,51.5,22.1,33.2,0.7,1.6,0.9,156.8,142.2
36.3,46.4,19.9,43.510475237255974,0.5,1.4,0.8,284.9,199.5
61.5,83.4,23.1,43.2,0.8,1.7,1.3,467.9,584.3
28.8,13.0,27.0,43.4,0.4,1.3,0.5,141.7,79.7
15.7,64.9,18.1,48.9,0.5,1.3,0.7,286.6,716.2785004254536
22.0,38.4,19.5,34.7,0.5,1.6,0.7,466.4,283.2
19.7,40.0,21.1,41.8,0.5,1.8,0.8,624.1,457.3
21.4,66.9,20.8,51.0,0.5,1.6,0.8,320.2,280.0
22.6,58.3,21.5,46.4,0.6,1.7,0.9,571.8,79.54819111777513
60.5,94.2,24.2,38.5,0.9,1.2,1.0,317.7,312.2
24.2,11.9,22.3,38.3,0.4,1.4,0.6852635173572379,566.5,351.6
41.9,10.0,26.9,43.6,0.4,1.2,0.6,574.8342856437874,227.7
83.6,67.3,22.929987673702925,45.1,0.9,1.5,1.3,631.5,699.6
51.8,55.3,21.1,30.2,0.7,1.5,1.0,281.9,266.4
63.3,25.6,25.353530478452587,52.1,0.6,1.1,0.7,468.6,355.9
25.7,7.5,18.8,39.1,0.4,1.4,0.5,463.8,201.3
28.0,8.0,22.2,39.3,0.3,1.7,0.7,284.8,197.9
12.8,84.4,27.6,38.9,0.6,1.7,1.0,157.9,141.2
23.1,18.0,23.0,44.3,0.4,1.4,0.6,160.3,83.4
34.7,81.93856068445567,21.4,43.0,0.5,1.1,0.5,142.7,91.3
23.7,19.3,20.1,33.4,0.4,1.2,0.5,559.6,298.6
18.8,30.5,21.1,41.8,0.4,1.4,0.6,159.4,90.9
19.2,6.0,22.3,52.0,0.3,1.7,0.5,159.8,82.6
52.4,48.8,20.0,39.9,0.6020447780252356,1.3,0.7,464.9,370.5
25.7,5.8,23.8,47.9,0.4,1.7,0.6,285.3,171.9
42.3,76.5,24.8,36.9,0.6,1.2,0.8,480.5,357.3
55.7,20.1,18.0,35.7,0.6,1.9,1.0,141.1,153.7
72.6,46.8,21.1,29.135035740641868,0.8,1.5,1.0,618.8,593.1
14.0,74.5,24.6,42.3,0.6,1.6,0.9,579.8,514.8
80.4,60.8,25.8,55.7,0.8,1.5,1.2,561.2,705.5
66.6,44.9,25.0,52.4,0.7,1.5,1.1,280.8,337.5
17.7,30.3,20.3,32.3,0.4,1.2,0.5,558.2,321.6
88.4,31.7,21.2,39.1,0.7,1.3,0.9,139.7,148.9
83.8,57.7,20.0,42.5,0.9,1.9,1.6,158.7,233.4
15.7,94.3,20.0,40.9,0.6,1.6,1.0,143.4,163.1
34.7,55.4,24.3,47.1,0.5,1.7,1.0,434.3,469.0
74.5,47.5,23.5,48.0,0.7,1.5,1.3,571.6385983886476,337.9
69.6,61.8,23.0,46.6,0.8,1.7,1.4,476.8,582.7
24.6,40.0,22.5,36.3,0.5,1.3,0.6,144.7,93.0
29.2,5.1,23.2,39.4,0.4,1.3,0.5,283.7,145.0
38.8,47.5,19.0,33.2,0.6,1.3060672006760699,0.8,420.0,350.1
53.3,91.4,26.0,41.9,0.8,1.5,1.3,279.6,344.4
59.6,14.7,19.2,34.3,0.6,1.8886945981649423,0.7,420.3,378.3
43.3,60.2,21.7,43.1,0.6,1.2,0.8,145.5,125.6
50.9,19.2,28.6,48.4,0.5,1.5,0.7,426.3815636124041,505.5
70.6,45.3,22.7,32.2,0.8,1.8,1.3,473.0,578.5
12.5,8.4,22.3,36.9,0.3,1.4,0.4,144.1,65.9
33.4,42.5,21.9,32.8,0.5,1.4,0.7,157.7,99.6
74.6,64.0,22.8,32.5,0.8,1.4,1.1,466.5,448.3
39.9850860197671,32.5,26.6,54.5,0.8,1.4,1.0,574.3,627.1
51.5,62.6,17.2,25.7,0.6,1.5,1.0,287.6,291.5
52.6,68.8,24.3,46.3,0.7,1.5,1.2,285.9,325.0
18.1,86.6,17.8,30.5,0.6,1.7,1.0,573.4,571.9
50.8,22.0,22.4,50.6,0.5,1.5,0.9,429.6,393.3
53.6,33.9,22.2,39.6,0.6,1.4,0.9,282.0,272.0
32.0,14.2,22.1,39.3,0.4,1.8,0.6,320.0,196.0
34.5,92.2,19.1,36.4,0.6,1.4,0.9,145.3,140.9
43.7,88.9,24.1,46.0,0.7,1.9029462245580249,1.1,418.8,495.0
12.2,50.7,28.4,52.7,0.4,1.7,0.8,313.6,227.1
39.6,78.4,17.9,35.2,0.6,1.4,0.9,636.9,489.4
26.9,48.9,21.2,52.5,0.5,1.3,0.6,287.7,182.8
36.3,52.8,21.3,45.8,0.6,1.6,0.9,280.4,294.0
19.4,8.5,21.5,53.2,0.4,1.5,0.4,473.1,196.7
68.00119344707213,65.9,21.1,42.6,0.9,1.5,1.5,629.9,872.3
63.5,11.1,21.4,46.6790326344045,0.6,1.3,0.6,564.4,379.8
70.7,71.1,24.7,43.1,0.9,1.5,1.2,289.8,364.9
80.4,65.7,25.2,49.3,0.9,1.3,1.2,463.8,493.3
48.9,67.7,21.54376512344492,44.9,0.6,1.2,0.9,476.0,354.9
18.5,3.5,23.85717746523291,44.7,0.3,1.5,0.4,287.6,145.1
59.4,28.2,18.0,38.6,0.5,1.4,0.7,155.1,108.5
61.8,25.2,20.9,46.8,0.6,1.4,0.9,313.7,266.4
70.4,34.3,24.0,51.9,0.40111584292178076,1.2,0.8,159.5,133.8
45.1,7.6,24.6,37.4,0.5,1.2,0.6,561.1,344.3
21.8,89.7,24.1,52.9,0.6,1.5,0.9,309.2,256.6
32.6,46.8,22.2,44.0,0.6,1.3,0.7,559.7,433.6
43.1,26.5,21.1,46.2,0.5,1.7,0.8,435.4,415.7
61.4,33.8,18.0,35.9,0.7,1.1,0.8,481.0,330.5
61.9,37.8,25.1,43.0,0.6,1.4,0.9,424.9,402.0
38.2,51.7,22.8,55.0,0.6,1.3,0.7,141.3,116.4
97.5,44.9,21.7,38.0,0.9,1.5,1.1,279.4,358.3
65.2,86.4,20.850773402284428,45.5,0.8,1.6,1.3,318.69578028016,200.7
31.7,41.6,23.5,40.3,0.5,1.3,0.6,424.2,285.7
19.9,84.3,20.2,42.6,0.6,1.9,1.1,286.5,339.7
24.6,80.5,22.7,36.1,0.6,1.4,0.8,574.2,444.3
29.4,17.9,25.8,51.8,0.4,1.5,0.7,142.2,108.4
22.7,88.1,22.4,36.6,0.6,1.6,0.9,157.3,132.0
24.5,10.8,19.7,34.1,0.3,1.7,0.7,283.0,179.9
32.0,77.4,19.1,33.4,0.6,1.6,0.9,619.4,552.0
23.2,36.2,22.4,32.2,0.4,1.4,0.7,425.9,284.7
89.1,83.8,20.7,49.4,1.0,1.3,0.7136537575482041,285.8,380.6
17.5,75.7,21.1,46.8,0.6,1.2,0.7,475.8,315.6
58.0,76.3,24.2,45.0,0.7,1.6013408806075837,1.2,155.2,198.4
41.9,66.5,24.5,47.0,0.7,1.5,1.0,567.9,583.4
88.1,29.2,21.3,35.5,0.7,1.3,1.1,472.7,470.1
18.6,7.6,16.5,43.3,0.3,1.2993646948079904,0.5,286.0,166.3
41.8,33.9,25.6,47.3,0.5,1.5,0.7,432.8,327.0
97.6,16.5,18.9,52.0,0.48982647077458846,1.9,1.2,159.9,197.7
86.6,58.2,24.7,40.2,0.8,1.6,1.3,619.1,82.39355793842051
82.0,32.6,18.3,40.0,0.7,1.5,1.2,143.7,172.0
33.0,82.0,25.3,40.8,0.7,1.8,1.1,425.1,492.3
26.0,59.8,19.6,45.8,0.5,1.2,0.6,155.5,103.3
71.1,78.8,22.4,33.3,0.8,1.3,1.0,468.4,513.9
94.2,12.6,21.3,42.2,0.7,1.4,1.0,639.3,575.5
63.7481089516214,82.7,20.5,39.84728223382345,0.8,1.4,1.1,470.5,431.6
55.5,87.2,22.1,42.4,0.8,1.7,1.3,473.2,601.3
32.5,46.0,22.8,50.13653100423079,0.6,1.8,1.0,573.9,581.8
78.1,58.4,23.5,54.4,0.8,1.5,1.0,155.8,174.1
24.6,65.8,22.4,39.1,0.6,1.5,0.8,286.1,252.4
36.3,15.0,28.0,46.4,0.4,1.7,0.8,158.3,112.4
48.3,42.1,19.2,30.9,0.6,1.6,0.9,639.3,488.1
50.2,38.3,25.0,39.3,0.6,1.6,0.9,310.8,277.1
28.6,13.9,21.6,45.4,0.4,1.5,0.5,473.2,266.4
20.8,31.0,18.6,36.7,0.4,1.8,0.7,423.9,345.2
65.6,5.8,19.4,30.2,0.6,1.5,0.9,154.8,130.1
36.5,2.4,20.2,36.8,0.4,1.6,0.6,157.6,88.6
56.6,12.6,23.3,40.2,0.6,1.8,0.9,319.5,291.5
22.4,83.2,23.0,49.6,0.6,1.5,0.9,317.8,273.9
53.0,47.4,24.3,51.3,0.7,1.4,1.0,155.8,132.9
58.4,91.2,19.2,31.1,0.8,1.6,1.3,159.1,206.1
15.0,36.5,23.1,42.0,0.4,1.5,0.6,628.8,358.4
41.3,26.7,17.7,31.8,0.5,1.7,0.9,580.9,467.0
22.5,43.4,24.4,35.4,0.4,1.7,0.9,317.4,238.8
16.1,38.3,25.5,50.0,0.4,1.7,0.7,318.5,209.3
99.5,10.1,20.3,40.8,0.7,1.7,0.8852105346749791,154.6,165.3
34.9,54.3,14.8,32.24963071558965,0.6,1.8,0.9,418.6,471.3
75.0,20.8,23.3,39.1,0.7,1.6,1.2,621.4,724.2
32.8,51.9,22.4,31.6,0.6,1.5,0.8,140.3,127.0
64.9,60.4,24.3,46.4,0.8,1.2,0.9,158.7,133.1
70.5,14.1,26.7,57.7,0.6,1.3,0.8,578.9,570.1
63.3,5.2,20.0,29.9,0.6,1.7,0.8,423.7,359.1
47.0,75.0,24.6,37.1,0.7,1.4,1.0,158.9,162.3
46.4,43.0,23.5,55.4,0.6,1.6,0.9,434.0,395.5
41.4,6.471370674368497,18.7,49.1,0.4,1.5,0.6,286.9,170.9
83.9,94.9,21.8,43.3,1.0,1.7,1.5,315.1,427.6
84.0,5.4,19.8,34.0,0.6,1.4,0.8,575.0,463.5
87.6,58.2,23.1,34.5,0.9,1.8,1.4,622.2,834.9
19.8,92.2,21.4,41.4,0.6,1.6,1.0,309.6,291.6
76.1,58.4404159998977,19.6,40.4,0.6,1.4,0.9,582.0,520.8
94.6,12.3,22.090194298228926,29.6,0.7,1.904304236590227,0.9,284.0,273.8
24.1,10.2,21.1,42.1,0.4,1.801554214848388,0.6,560.6,344.1
16.6,26.2,18.5,27.8,0.4,1.4,0.5,313.7,177.1
68.5,9.6,20.2,46.8,0.6,1.3,0.8,579.6,457.2
62.9,58.0,22.4,37.9,0.7,1.7,1.2,566.5,95.38119916189945
79.0,5.4,20.1,27.9,0.7,1.7,1.0,142.5,160.7
21.1,43.5,24.6,47.3,0.5,1.9,0.8,580.7,480.4
73.4,94.6,24.60169512412788,43.3,0.9,1.4,1.4,618.1,838.3
28.2,68.4,18.8,50.3,0.6,1.6,0.9,575.0,500.8
25.3,58.5,18.9,38.9,0.5,1.9,0.8,142.3,126.3
23.0,26.4,23.6,41.7,0.4,1.6,0.6,575.1,392.7
83.7,59.0,19.0,41.7,0.8,1.6,1.2,637.7,823.3
63.8,50.1,20.0,34.9,0.7,1.4,1.0,316.1,291.8
51.4,36.4,24.3,49.5,0.6,1.5,0.9,573.6,510.0
42.6,12.3,22.8,39.5,0.5,1.3,0.5,158.4,89.9
81.6,39.65782015471689,22.2,40.071318011000386,0.8,1.3,1.2,154.8,167.8
45.5,38.5,21.4,33.3,0.5,1.1,0.6,426.7,317.7
74.4,18.2,24.8,42.5,0.6,1.3,0.8,480.9,339.2
44.8,34.3,24.7,54.7,0.5,1.7,1.0,477.4,413.3
43.8,35.3,23.2,48.3,0.5,1.3,0.8,141.1,104.4
52.4,77.7,23.6,38.9,0.7,1.7,1.2,576.7,702.7
34.1,69.3,21.3,32.7,0.6,1.8,1.1,140.5,164.1
76.7,66.8,20.7,48.5,0.8,1.5,1.3,157.7,197.1
51.1,0.9,24.4,54.9,0.4,1.4,0.6,156.3,96.8
31.7,36.0,24.3,37.3,0.5,1.7,0.7,423.1,342.7
43.701465319561116,45.8,24.6,46.4,0.8,1.7,1.2,563.7,686.7
45.1,1.6,22.8,43.2,0.4,1.8,0.6,423.2,322.1
52.4,24.8,17.4,43.6,0.5,1.7,1.0,638.2,585.7
81.5,71.6,23.7,34.9,0.8,1.9,0.6864776158582074,143.3,249.8
60.7,11.9,18.1,31.9,0.6,1.4,0.8,470.1,363.0
19.2,45.3,19.7,47.5,0.5,1.5,0.7,314.0,191.2
95.2,20.0,21.5,32.4,0.7,1.7,1.1,319.8,322.1
60.3,1.0,26.0,45.1,0.5,1.3,0.7,142.1,100.3
37.0,96.27264164636321,30.9,45.9,0.5,1.7,0.9,470.2,387.3
20.7,84.0,25.1,42.7,0.6,1.3,0.8,478.6,366.8
82.2,67.1,20.5,41.0,0.8,1.5,1.1,575.2,655.5
58.6,91.1,22.5,42.1,0.8,1.6,1.5,290.1,394.6
57.6,41.4,23.2,35.8,0.6,1.5,0.48982798763189317,154.6,154.6
91.2,10.2,22.2,44.9,0.7,1.5,1.0,422.1,408.1
74.1,46.5,24.7,49.2,0.7,1.6,1.1,145.2,158.8
23.8,39.5,21.5,46.1,0.5,1.8,0.8,558.9,494.6
34.6,79.4,21.7,38.0,0.6,1.5,1.0,463.8,429.5
30.1,8.2,24.9,39.425159572351006,0.4,1.8,0.7,145.2,94.6
69.9,42.1,24.6,39.9,0.5992676440923943,1.2,1.0,638.6,563.1
13.3,12.9,24.9,43.0,0.5017984154573776,1.6,0.5,464.9,221.9
60.5,30.8,19.5,40.0,0.6,1.8,1.1,155.0,143.7
79.9,62.6,21.5,41.9,0.8,1.4,1.1,467.8,449.1
78.8,40.0,20.4,32.4,0.7,1.373396032212848,1.2,288.4,315.9
36.6,32.0,22.0,46.387688711855674,0.5,1.3,0.6,574.9,413.2
85.0,33.3,25.3,43.5,0.7,1.7,1.2,580.8,681.9
18.3,43.9,24.3,48.9,0.5,1.6,0.7,572.0,378.8
87.5,67.4,24.5,41.4,0.9,1.6,1.3,476.4,631.4
19.4,83.9,21.3,42.2,0.7966169094259247,1.2,0.7,309.4,246.9
41.3,91.3,24.7,41.4,0.7,1.4,0.9,469.04420018734373,591.4
75.0,68.4,20.5,43.8,0.6027455726741306,1.3,1.0,144.5,159.8
21.6,26.7,20.4,46.8,0.4,1.5,0.6,419.1,268.7
27.6,65.5,21.120337639857166,38.3,0.6,1.5,0.9,436.0,372.6
75.9,41.1,25.1,36.6,0.7,1.8,1.1,141.0,187.9
74.3,21.6,22.6,41.6,0.6,1.5,1.0,315.7,285.3
36.478791854179434,35.51635160040747,20.7,38.5,0.8,1.4,1.2,569.4,654.3
71.1,3.6,17.3,39.0,0.5,1.7,0.9,564.2,555.6
52.6,77.9,20.1,45.0,0.7,1.6,1.2,156.1,198.4
32.8,39.0,25.2,50.0,0.5,1.7,0.8,140.8,137.3
40.8,53.4,22.0,53.4,0.6,1.6,0.9,281.8,260.3
26.6,56.6,22.2,33.06362778833985,0.6,1.4,0.7,281.5181943942479,404.7
81.8,84.3,23.5,32.8,0.9,1.2,1.1,141.0,159.6
63.1,59.9,20.9,49.9,0.7,1.7,1.1,431.1,485.1
41.9,57.9,21.2,38.9,0.6,1.3,0.8,144.4,110.8
46.2,5.8,25.0,45.3,0.5,1.4,0.7,434.1,272.2
85.9,44.6,22.4,40.7,0.9,1.6,1.2,318.8,386.9
24.2,14.3,21.7,32.5,0.4,1.6,0.5,558.2,322.5
63.3,62.9,19.4,47.6,0.7,1.5,1.2,145.3,164.7
50.5,44.6,17.2,31.5,0.6,1.2,0.8,423.3,341.9
59.2,64.9,21.507024282762774,50.7,0.7,1.3,1.1,160.4,147.3
12.3,3.5,20.0,48.6,0.3,1.6,0.5,480.4,201.5
88.8,8.1,18.8,47.4,0.6,1.7,1.2,566.4,731.7
86.4,92.21558093193566,24.7,49.1,0.8,1.5,1.5,156.7,225.6
55.0,6.2,22.2,31.900557375747272,0.5,1.9,1.0,572.2,570.0
66.8,6.2,25.6,54.2,0.5,1.6,1.0,430.4,403.1
91.1,1.0,25.1,37.8,0.7,1.4968226663542443,0.9,159.0,141.7
74.2,82.4,24.9,44.8,0.9,1.4,1.2,281.9,325.9
22.2,68.8,23.20740694253767,42.3,0.6,1.7,0.8,158.7,123.9
56.2,72.63048026739325,26.4,44.8,0.6,1.7,1.301515118145355,478.9,445.1
65.3,25.8,24.0,42.7,0.6,1.5,0.9,565.1,592.0
47.9,30.2,20.4,39.8,0.6,1.4,0.8,159.7,125.8
68.8,91.18713079724165,21.1,45.4,0.9,1.4,1.3,425.9,568.7
95.4,62.8,17.0,41.8,0.8,1.4,1.2,575.8,765.6
91.4,17.3,22.1,38.9,0.7,1.4,1.1,622.1,675.2
50.1,14.8,18.5,44.8,0.5,1.4,0.6,477.8,279.5
18.9,9.2,18.0,40.6,0.3,1.8,0.5,623.4,315.1
88.7,55.5,19.3,46.2,0.9,1.4,0.7082443928469367,474.2,500.6
77.6,71.4,26.0,43.3,0.9,1.2,1.1,310.0,298.0
68.83967678335101,22.9,19.3,44.4,0.4,1.5,0.6,577.4,322.9
84.9,2.0,27.5,38.5,0.7,1.5,1.1,287.8,328.7
78.9,7.9,19.7,50.1,0.7,1.4,1.0,311.1,292.9
56.6,91.5,18.7,27.6,0.8,1.3,1.0,309.1,307.6
56.3,28.1,20.6,48.78571724380697,0.6,1.5,1.0,564.8,524.5
45.8,66.0,26.8,58.6,0.7,1.5,0.9,558.0,578.3
14.1,59.6,20.8,36.1,0.4,1.9,0.9,313.3,239.9
35.8,36.7,19.7,32.7,0.5,1.7,0.8,289.2,284.8
60.30971501332875,17.4,21.7,50.3,0.7,1.4,0.9,285.8,309.5
10.9,10.5,24.3,40.1,0.3,1.3,0.4,465.1,190.7
36.1,59.0,23.7,49.3,0.6,1.7,0.9,159.0,139.2
45.5,72.7,26.8,39.9,0.7,1.3,1.0158390769836563,565.3,517.4
58.2,60.3,22.1,34.8,0.7,1.6,1.1,288.1,323.4
85.3,45.0,17.6,51.3,0.8,1.3,1.1,287.4,324.5
37.4,3.6,22.3,46.1,0.4,1.8,0.7,159.9,90.24206104836149
38.3,82.9,24.2,46.4,0.7,1.1,0.9,158.1,135.8
19.057759473472654,74.1,18.3,37.4,0.8,1.5,1.3,558.8,699.2
45.7,24.8,18.3,41.2,0.5,1.7,0.9,315.8,250.8
27.9,83.0,21.4,47.5,0.7,1.4,0.9,142.4,141.5
45.1,57.6,20.6,41.0,0.7,1.2,0.7,318.0,245.2
23.4,55.3,21.1,42.5,0.5,1.7,0.8,284.5,278.1
24.2,71.1,21.3,39.5,0.6,1.4,0.9,145.5,135.2
49.0,75.6,22.6,38.0,0.8001732462087522,1.7,1.1,318.2,324.2
43.1,56.0,19.1,33.0,0.6,1.4,0.9,434.3,407.8
81.7,12.2,23.4,51.5,0.7,1.4,1.0,472.0,426.0
38.8,28.4,23.0,46.45471377538194,0.5,1.5,0.8,320.0,211.1
57.1,89.3,18.2,42.8,0.8,1.3,0.9,318.7,306.0
59.5,19.0,18.6,32.6,0.6,1.2,0.7,564.9,422.7
11.7,32.2,19.1,39.2,0.4,1.8,0.7,313.4,183.8
62.8,36.54845984627278,19.2,47.3,0.7,1.4,0.9,315.5,251.2
23.8,38.1,20.8,38.4,0.5,1.3,0.6,145.0,97.6
96.3,57.4,19.3,30.9,0.8,1.6,1.2,282.4,408.9
21.8,81.2,20.7,30.2,0.6,1.7,1.1,635.5,589.0
47.2,20.6,18.8,39.6,0.5,1.2,0.6,154.6,417.44495922010464
16.6,10.6,23.4,46.1,0.3,1.4,0.5,474.2,239.0
90.4,17.0,21.5,31.8,0.8,1.3,0.9,158.5,133.8
50.7,76.2,21.0,47.8,0.7,1.2,1.0,318.9,263.2
62.5,56.0,21.0,40.7,0.7,1.3,0.8,574.8,553.8
24.842349718431745,26.6,21.4,38.7,0.4,1.8,0.7,311.3,175.8
76.0,68.9,22.5,51.8,0.9,1.3,1.1,423.8,499.5
29.4,73.4,27.0,40.0,0.6,1.2,0.8,145.3,117.1
91.4,71.7,26.9,47.3,0.9,1.4,1.2,475.3,566.5
29.0,77.7,17.6,30.1,0.6,1.6,1.1,142.9,153.7
27.3,23.5,25.2,37.4,0.4,1.4,0.6,569.3,353.7
12.3,72.3,22.6,40.8,0.5,1.4,0.6138775603103687,155.6,113.8
52.8,42.9,20.0,31.1,0.6,1.3,0.7,632.7,408.7
29.035680883927505,72.2,24.9,43.6,0.7,1.4,1.2,312.9,311.0
14.8,63.6,24.5,41.8,0.5,1.6,0.8,481.3,377.0
72.2,65.3,20.0,41.4,0.9,1.6,1.2,283.3,356.4
51.6,55.0,18.6,35.1,0.6,1.3,0.9,566.0,574.7
51.9,15.5,25.3,38.8,0.5,1.5,0.6000102751114587,144.1,115.5
49.8,46.3,22.0,48.6,0.8062907073822958,1.2,1.1135528652826496,160.4,110.1
46.7,93.0,24.6,49.9,0.8,1.5,1.1,279.7,301.1
54.9,89.1,24.4,32.5,0.8,1.3,1.0,144.3,138.2
22.3,3.6,22.2,54.1,0.3,1.6,0.5,142.2,76.7
27.1,14.2,19.3,43.0,0.4,1.7,0.7,637.8,418.8
50.37138233491462,12.6,23.7,48.0,0.6,1.9,1.1,620.6,737.1
94.0,69.0,25.9,46.5,0.9,1.8,1.4,280.6,471.1
43.1,77.9,22.5,50.61739692850467,0.6,1.7,1.0,639.8,659.3
31.9,18.2,22.7,32.3,0.4,1.5,0.7,478.0,335.0
62.6,42.5,17.5,38.9,0.7,1.5,1.0,315.8,267.0
46.9,70.8,21.7,42.6,0.7,1.5,1.1,427.7,462.8
12.6,62.2,22.2,48.5,0.5,1.4,0.7,472.7,315.1
22.4,46.1,22.9,37.7,0.5,1.4,0.8,581.8,448.5
18.82402408436262,55.6,26.4,38.8,0.7,1.7,1.3,316.4,353.9
63.3,43.6,20.5,48.4,0.8053916113104634,1.3,1.0,478.0,444.2
12.7,28.4,24.4,38.1,0.4,1.5,0.5,156.5,78.2
29.9,47.8,18.7,42.5,0.5,1.404173637653338,0.9,139.6,146.0
28.1,58.4,20.9,43.9,0.6,1.3,0.7,636.376271137472,111.0
71.0,83.6,22.9,46.2,0.8,1.4,1.1,572.3,680.2
11.0,29.754777688331146,21.5,51.7,0.5,1.7,0.7,638.3,501.5
17.8,71.0,22.0,47.1,0.5,1.6,0.8910889058670061,635.7,470.8
82.1,13.9,22.9,47.3,0.7,1.6,1.0,474.2,422.2
23.6,43.8,25.4,55.9,0.5,1.3,0.8758183043321217,310.3,195.79689617971965
61.9,0.9,19.6,38.7,0.5,1.5,0.7,156.0,118.2
29.3,21.5,18.9,29.0,0.5,1.6,0.7,313.4,207.8
17.6,68.9,24.6,40.1,0.6013590841939569,1.5,0.8,310.3,249.3
29.6,83.3,27.0,41.4,0.7,1.4,0.9,559.4,563.8
74.5,8.4,19.5,39.3,0.6,1.4161042004928357,0.7,474.7,347.6
85.3,33.6,26.005719081955984,44.3,0.7,1.3,0.8910871600653407,156.9,138.4
83.3,75.8,21.9,45.0,0.8,1.8,1.4,143.7,216.8
40.8,17.3,21.3,31.2,0.6888835125100393,1.5,0.6,156.9,99.2
63.7,53.0,23.6,50.2,0.8,1.7,1.0,312.2,352.8
28.9,89.92537271333114,22.2,40.1,0.6,1.2,0.8,631.9,453.2
36.4,58.1,21.3,40.7,0.6,1.7,0.9,435.2,436.9
92.2,16.1,21.1,39.0,0.6,1.9,1.3,581.6,682.0
10.7,33.3,19.0,38.1,0.3,1.5,0.6,312.6,181.0
16.7,72.9,20.8,34.1,0.6,1.2,0.7,312.5,217.2
28.6,47.5,21.2,32.3,0.5,1.6,0.8,141.7,112.0
11.8,0.5,21.5,49.3,0.3,1.7,0.5,581.6,279.5
27.0,63.8,22.6,48.8,0.5,1.4,0.8,577.6,463.2
55.4,3.3,27.2,46.2,0.5,1.6,0.9,144.6,577.2293566805255
48.8,64.5,21.7,30.8,0.7,1.5,1.0,465.6,493.2
82.8,19.0,21.0,38.0,0.7,1.8,1.3,287.6,382.6
82.9,90.7,24.6,46.3,0.9,1.7,1.3,472.7,665.9
37.5,35.0,22.2,45.4,0.5,1.2,0.7,624.2,419.2
30.4,30.6,23.5,32.1,0.5,1.4,0.8892925969124548,467.8,308.7
39.6,12.7,22.3,36.1,0.5,1.4,0.6,481.3,256.5
63.7,29.1,22.1,49.2,0.6,1.6,1.1,142.0,164.9
34.1,73.4,17.6,34.3,0.7,1.6,1.0,155.9,164.2
65.2,85.2,22.5,41.3,0.8,1.5,1.3,155.2,191.8
47.5,31.6,25.3,33.4,0.6145599467714061,1.4,0.7,144.0,117.2
59.0,29.52940402387032,24.097653833769073,43.3,0.6,1.3,0.8,435.5,678.6649805159677
49.4,61.3,21.0,52.5,0.7,1.7,1.2,421.2,523.8
33.7,83.8,25.0,55.4,0.6,1.4,1.0,158.5,139.5
87.5,55.8,22.7,40.0,0.9,1.4,1.1,566.7,644.8
70.6,33.9,23.8,47.4,0.7,1.7,1.2,154.7,155.3
23.0,39.3,26.8,41.9,0.4,1.3,0.6,285.6,150.2
87.2,59.5,21.2,39.720473555306945,0.8,1.3,1.2,143.2,185.3
53.6,0.3,19.5,34.9,0.5,1.6,0.7,320.2,215.4
83.0,52.2,23.6,46.6,0.8,1.2,1.1,289.9,302.6
81.9,30.9,22.356917420359416,43.0,0.7,1.9,1.3,318.7,393.6
43.8,67.1,20.4,37.8,0.29884631755552565,1.4,0.9,285.5,280.4
12.6,7.9,26.7,35.9,0.3,1.2,0.4,631.5,235.2
30.6,49.8,19.5,37.0,0.5,1.2165575420299708,0.8,145.0,114.5
59.6,46.1,22.1,33.9,0.7,1.6,1.1,142.9,163.3
67.4,60.7,19.9,36.3,0.39934233120801477,1.4,0.991607005175064,158.4,147.3
29.8,5.5,27.7,52.5,0.4,1.5,0.6,469.2,252.5
20.5,50.5,28.0,47.9,0.5,1.2,0.6,140.5,95.0
77.3,53.2,21.3,43.5,0.7,1.3,0.9,563.1,603.3
88.9,52.6,21.4,51.0,0.8,1.4,1.2,467.0,590.1
51.8,51.0,25.0,51.2,0.7,1.6,1.2,433.8,488.2
23.1,63.0,20.2,45.2,0.5,1.8,0.9,422.2,438.6
31.7,67.5,23.3,45.9,0.6,1.3,0.8,140.3,123.9
11.1,23.1,23.0,40.5,0.4,1.5,0.6,155.0,73.1
90.9,79.80033875719838,17.7,35.1,0.9,1.8,1.5,289.3,443.6
21.3,46.5,20.8,41.7,0.4,1.3,0.7,471.8,277.8
62.6,6.7,20.9,41.6,0.5,1.8,0.9,157.1,138.1
31.8,5.0,19.6,41.5,0.4,1.2,0.48725919010529967,157.0,69.1
60.5,31.0,23.9,44.0,0.5972150432797694,1.7,1.1,569.9,653.0
67.7,66.7,18.2,32.5,0.8,1.8,1.2,156.0,180.3
84.5,60.9,25.0,49.9,0.9,1.9,1.5,324.8889913562082,924.7
26.3,75.6,22.8,31.9,0.6,1.5,0.9,558.5,529.5
10.6,7.535417304974951,22.6,42.10603820833772,0.4,1.4,0.6,282.4,187.9
22.8,37.3,22.8,45.4,0.4,1.9,0.8,141.4,112.8
91.2,12.5,21.4,44.2,0.7,1.4,1.0,157.2,133.7
81.2,27.5,22.5,50.0,0.7,1.5,0.9,479.8,487.3
64.9,40.8,23.1,49.2,0.7,1.7,1.0,426.1,438.5
65.1,8.3,22.1,42.6,0.5,1.6,0.7938763141351336,579.5,313.52669187109655
70.7,18.8,21.3,47.2,0.6,1.9,1.0,633.4,306.95915145318844
23.6,56.5,18.7,43.4,0.5,1.4,1.0082340312032716,429.8,287.1
91.9,69.8,21.3,34.9,0.9,1.8,1.6,157.0,232.9
48.2,84.8,30.5,38.0,0.8,1.7,1.3,142.9,175.8
40.7,81.1,26.1,38.3,0.8,1.2,0.8,567.0,508.9
51.8,55.1,19.4,39.2,0.8960288393276975,1.5,0.9,160.0,152.1
14.9,40.1,19.6,43.8,0.4,1.3,0.5,141.9,78.2
25.4,55.0,22.2,51.9,0.5,1.3,0.7,425.7,313.1
76.9,75.4,21.9,39.5,0.9,1.7,1.5,312.5,451.9
17.7,11.2,24.4,33.9,0.3,1.7,0.5,579.6,295.2
57.8,39.1,20.6,53.5,0.6,1.7,1.1,428.0,487.3
28.9,79.9,22.6,32.1,0.7,1.7,1.2,580.4667929450972,155.6
37.98351093823308,36.9,21.8,40.5,0.6,1.4,0.7,574.9,490.3
36.5,48.7,20.9,42.2,0.5,1.8,0.9,317.8,298.1
38.7,55.3,15.7,39.7,0.6,1.5,0.9,310.8,245.1
66.8,15.5,22.3,32.0,0.7,1.8,1.0,283.9,333.2
36.6,30.7,21.30230702580677,32.9,0.5,1.3,0.6,155.6,91.5
56.0,28.5,21.4,32.8,0.6,1.9,1.0,320.0,306.4
48.2,25.546760964702756,27.5,53.2,0.5,1.3,0.6,142.1,88.9
71.0,2.1,21.6,41.0,0.5,1.3,0.8,286.0,214.1
93.6,71.9,20.0,38.2,0.9,1.6,1.4,320.7,475.8
77.2,23.4,25.1,43.8,0.6,1.3,0.9,561.0,589.8
26.4,44.4,24.0,47.1,0.5,1.5,0.8,622.2,451.3
11.9,27.8,24.1,36.2,0.3,1.4,0.6,145.1,73.8
30.3,79.5,24.6,46.1,0.6,1.8,1.0,311.7,337.5
57.4,24.1,25.5,54.2,0.6,1.3,0.8,318.2,244.8
14.8,41.2,20.2,36.4,0.4,1.2,0.5,144.6,71.6
54.0,74.2,22.4,40.5,0.8,1.3,1.0,635.2,650.0
58.0,79.45531288459482,18.7,44.7,0.7,1.4,1.2,425.2,309.7056896475969
36.6,15.9,24.6,54.8,0.4,1.2,0.6,144.6,82.0
72.3,70.0,18.6,44.4,0.9,1.3,1.2,317.7,332.9
20.2,38.4,19.5,41.3,0.4,1.4,0.6,155.0,101.1
15.4,45.1,22.3,43.0,0.5,1.3,0.5,433.0,252.1
75.6,12.7,23.2,39.5,0.6,1.3866166681570082,1.0,142.9,130.1
48.6,6.8,25.5,45.2,0.5,1.6,0.9,573.4,537.9
71.5,62.5,18.3,40.6,0.8,1.2,0.9,640.3,564.2
49.1,42.4,23.5,34.8,0.6,1.1965664175100648,0.9,320.2,159.15387947151808
29.9,36.9,19.3,47.2,0.5,1.5,0.7,478.1,409.03906156270835
76.7,68.0,19.8,38.0,0.8,1.5,1.3,621.5,359.44415097873593
82.7,66.3,22.9,40.4,0.8,1.6,1.3,569.1726217591685,566.6
71.7,13.5,22.0,46.5,0.6,1.5,0.8,144.7,123.5
31.1,58.0,29.1,40.7,0.6,1.6,0.9,310.4,235.2
57.8,12.7,22.1,42.1,0.6,1.3,0.7,621.2,412.3
42.0,70.2,20.547588697214266,30.6,0.7,1.7,1.1,473.3,449.4
18.7,61.8,21.8,47.7,0.5,1.5,0.8,420.2,336.4
85.2,90.0,26.0,51.9,0.9,1.2,1.2,572.7,723.9
20.2,6.0,28.2,45.5,0.3,1.4,0.4,572.1,264.9
96.1,5.0,17.2,39.3,0.7,1.9,1.1,640.5,686.0
51.2,27.0,16.2,34.1,0.5,1.4,0.8,155.0,108.0
